<?xml version="1.0" encoding="UTF-8"?>
<project-private xmlns="http://www.netbeans.org/ns/project-private/1">
    <editor-bookmarks xmlns="http://www.netbeans.org/ns/editor-bookmarks/2" lastBookmarkId="0"/>
    <open-files xmlns="http://www.netbeans.org/ns/projectui-open-files/2">
        <group>
            <file>file:/C:/Users/guvaine/Documents/Stems%20Movie%20application/src/stems/movie/application/frmPurchaseNewTicket.java</file>
            <file>file:/C:/Users/guvaine/Documents/Stems%20Movie%20application/src/stems/movie/application/frmDisplayMovieCatalog.java</file>
            <file>file:/C:/Users/guvaine/Documents/Stems%20Movie%20application/src/stems/movie/application/frmMain.java</file>
            <file>file:/C:/Users/guvaine/Documents/Stems%20Movie%20application/src/stems/movie/application/frmLogin.java</file>
            <file>file:/C:/Users/guvaine/Documents/Stems%20Movie%20application/src/stems/movie/application/frmManagementReporting.java</file>
            <file>file:/C:/Users/guvaine/Documents/Stems%20Movie%20application/src/stems/movie/application/frmRegisterNewMovie.java</file>
            <file>file:/C:/Users/guvaine/Documents/Stems%20Movie%20application/src/stems/movie/application/frmDisplayBookedSessions.java</file>
        </group>
    </open-files>
</project-private>
